Image,PSNR btw Original and Blur,PSNR btw Original and Deblurred,PSNR btw Blur and Deblurred
65033.jpg,75.61214792578883,75.51453377184377,77.45083542280157
148089.jpg,75.22970687631171,75.4410122794547,77.04536753536969
21077.jpg,76.91739277034058,77.25361191043271,78.79896538854246
41033.jpg,78.07129772759319,78.41535811393872,80.47299472216662
12084.jpg,76.03413196163952,75.72512479878773,77.05753305209183
175043.jpg,75.04679965564642,75.40783181086293,76.30655291488534
376043.jpg,75.44445928257952,75.64609661509921,77.30085815776107
299086.jpg,79.7263743985774,79.44268853359188,81.77551914196563
108082.jpg,76.87507311723978,77.43653467062488,78.36367173426355
134035.jpg,75.16613001071356,75.62306922989363,76.27420619697092
38082.jpg,75.8992749404131,76.19373013174848,78.59006065847177
45096.jpg,82.57124855716052,80.86978071724135,81.89921622147864
167083.jpg,75.14884941498104,75.19106305455551,76.78105086223957
42049.jpg,80.14885450834969,79.84022916974288,79.91211159435231
295087.jpg,77.49570109517248,77.14780756886992,79.33329590921629
229036.jpg,75.4038434012906,75.54040047978359,76.77329484013741
89072.jpg,76.39564550846328,76.48100502453845,77.2813663697114
285079.jpg,75.82085828437697,75.92601092370143,76.90239452234806
69020.jpg,75.89599804778607,76.12213890345357,79.08748329659188
219090.jpg,77.96480800772899,78.08877804765403,79.8724875884132
103070.jpg,77.87843153483864,78.32335359248695,79.31795262407212
156065.jpg,76.11472946434517,76.19803127772533,78.51096573623097
210088.jpg,78.08099107970078,77.70053592175263,77.60338195960915
38092.jpg,76.57427536048812,76.71007450681911,78.28331600586351
197017.jpg,77.4325564470931,77.48796446945953,79.90813681268088
159008.jpg,76.16870663624236,76.62923822913906,77.0963442414166
306005.jpg,77.22553033843822,77.24609137441037,78.38960214690955
241004.jpg,79.73266494582256,79.5272416696041,81.37324685983698
296007.jpg,79.30586379886154,79.23460841331189,82.74053137646544
85048.jpg,75.43405958935509,75.78392966276874,77.13795628938473
14037.jpg,80.16572869158708,79.98680075320864,81.90347731285615
208001.jpg,76.71147267558493,76.59673880394021,78.15869974026553
143090.jpg,80.23252845890688,79.40564113734015,80.92663752560068
157055.jpg,76.52842997478609,76.80433375367615,77.4869742658135
106024.jpg,80.30462162475673,80.1340945833183,81.89780033425205
182053.jpg,76.91110611457347,77.07480465366545,78.23670240023888
37073.jpg,79.12961030453468,78.78085545038624,80.6209501198373
130026.jpg,76.41610528967631,76.61988889591379,78.38495320763931
361010.jpg,77.43831008198084,77.6571738925951,78.94324191335502
227092.jpg,80.66315689129027,80.56601601236443,83.12721522561799
163085.jpg,77.69810499849319,77.17657370511273,78.70772477479339
241048.jpg,75.9666651004627,76.17761632905356,78.66461411453889
86068.jpg,76.59077959065294,76.60406078902648,79.95659672792695
3096.jpg,85.04359924052146,83.87945768272817,83.96725492120707
147091.jpg,78.31496071769986,77.75359134506814,78.97012151803926
220075.jpg,77.1241243920862,77.36728678313052,77.83364506945125
42012.jpg,77.2400197246216,77.88847781196786,78.74301895101692
304074.jpg,75.79955024171555,75.99545539548498,77.7093426207127
175032.jpg,74.54001599735756,74.70345678115264,76.67864611849576
78004.jpg,76.8028104196584,76.72395899283781,77.67064921392948
123074.jpg,76.96321049298393,77.68465529842578,78.70399288808773
33039.jpg,74.40460986957922,74.63874180692036,75.16095632134973
296059.jpg,78.45208085331352,78.48512248478974,80.55207219249333
69040.jpg,75.49941423144541,75.8614443786419,77.49878788325849
41069.jpg,75.25608255603898,75.44288953363045,78.28639504805375
145086.jpg,77.12914547342243,76.47665323135512,77.94419088599234
58060.jpg,76.02736959397876,76.01544100020195,77.85068177352464
102061.jpg,78.36162333737488,78.22772378134272,79.40258405157005
236037.jpg,75.38097452711526,75.78662308448969,77.47526574350401
97033.jpg,75.92167640525788,76.3421262229007,77.40617687000544
43074.jpg,79.29524345877168,79.12093536927914,81.30869458543177
16077.jpg,76.46404022177185,76.71791533052843,78.12572076960366
260058.jpg,79.37752529668492,79.36902899432856,82.08932546141595
351093.jpg,76.23111292940546,76.40510328355253,77.90245887826578
253055.jpg,80.14166895426193,79.66600514383809,82.2811228014071
271035.jpg,76.30459158109686,76.56231377508158,77.64042493429628
302008.jpg,79.0491375086709,78.96297735401986,78.8861647568134
148026.jpg,75.21487648877809,75.33104176986474,75.90723684607339
109053.jpg,77.67915435548059,78.02601353436431,79.2686822105232
62096.jpg,76.9306937431094,77.30528187944849,78.61319410464279
216081.jpg,76.59218797410713,76.46101050657502,78.00986175425054
189080.jpg,79.79650423750901,79.53671474129887,80.35685890366457
108005.jpg,76.0760535989235,76.42635256616629,77.55219655136773
385039.jpg,76.63170112348834,76.50825797198769,78.12000385734707
119082.jpg,75.52604152218069,75.82239255363675,76.89081887784006
19021.jpg,76.57077286266313,76.77347419340614,78.0087444032378
54082.jpg,78.01806518342622,77.93935239570447,80.35624062208008
86000.jpg,76.74370290300212,76.28265690024105,77.38163875007405
167062.jpg,81.44014116419804,80.9986601310773,82.37464004381567
55073.jpg,75.24304178564395,75.36338161881224,77.24964317739875
101085.jpg,75.35710909264098,75.63734226940967,77.22362452190899
76053.jpg,77.10343909262153,77.21945955664448,79.89588515966273
223061.jpg,76.27393455692696,76.51142861788108,78.23931610103585
101087.jpg,78.369097657108,78.12103421993136,79.34991983680945
8023.jpg,77.84739320136832,78.56812347180276,78.98014802565729
291000.jpg,74.69500190398645,74.75097984710047,76.82373141111174
160068.jpg,78.1315324159751,78.13543951857285,79.04423236085296
196073.jpg,77.2618378329933,77.26971388392056,83.08452694337531
86016.jpg,74.90905658517393,75.03914455801096,78.95755008559374
87046.jpg,76.20064545012185,76.91252888150974,77.36396787114799
105025.jpg,76.40022199051847,76.67365864760272,78.47598377811723
300091.jpg,79.00020612008252,78.83769359312706,80.82477115832368
69015.jpg,77.05393599249888,77.18672531973971,78.22643316785802
253027.jpg,76.6833899541492,76.84380834493564,78.53430691905467
108070.jpg,75.6548644294402,75.81232024582239,77.81601577796616
24077.jpg,76.29392427192619,76.80319408480425,76.84716224886556
126007.jpg,78.48813443269522,78.41831090215217,79.83432036507759
304034.jpg,75.21494921643551,75.56859938968825,76.71297559095112
170057.jpg,77.50083707836738,77.78515107049826,78.59724868299813
66053.jpg,76.4072518497806,76.7086483226496,78.9747490453442
